{
  "Head": {
    "x": 71.36318261698293,
    "y": 0.4241412773754582,
    "z": 0.7767577363531508
  },
  "head_end": {
    "x": -26.39168018969181,
    "y": 0.03720568535914297,
    "z": -0.15867444937338288
  },
  "headfront": {
    "x": 26.450866298759397,
    "y": 0.037378190383607346,
    "z": 0.15900464551875823
  },
  "Hips": {
    "x": 7.79339251411141,
    "y": 0.26695501728665333,
    "z": 0.23290691342083802
  },
  "LeftArm": {
    "x": 73.12478913062147,
    "y": 72.20438487974839,
    "z": -5.224218974655768
  },
  "LeftFoot": {
    "x": -61.195165740150095,
    "y": -5.358768774238057,
    "z": -6.105455730603098
  },
  "LeftForeArm": {
    "x": -22.11164133896093,
    "y": 2.2825876594077688,
    "z": 14.354930682521493
  },
  "LeftHand": {
    "x": -0.3164778454277937,
    "y": 18.49713749003286,
    "z": 27.09596667514471
  },
  "LeftLeg": {
    "x": 17.537915010176185,
    "y": 7.187154367023984,
    "z": 3.0345166694034003
  },
  "LeftShoulder": {
    "x": 98.33242946663009,
    "y": 0.07076058842184585,
    "z": -94.19890340100162
  },
  "LeftToeBase": {
    "x": -42.887514984174004,
    "y": -4.503021282797755,
    "z": -4.170876850248275
  },
  "LeftUpLeg": {
    "x": 168.2178547161373,
    "y": -8.715069212174619,
    "z": -9.291325691421868
  },
  "neck": {
    "x": 0.5183128431438503,
    "y": 0.6928907778591643,
    "z": -0.6037417610465206
  },
  "RightArm": {
    "x": 70.68756890073249,
    "y": -71.50845847964705,
    "z": 3.1437078913726597
  },
  "RightFoot": {
    "x": -63.14598254822018,
    "y": 5.392330713412872,
    "z": 10.565461162687043
  },
  "RightForeArm": {
    "x": -20.52903960940714,
    "y": -4.927802522334809,
    "z": -17.268727939894898
  },
  "RightHand": {
    "x": -4.4492450037294375,
    "y": -15.55482472510266,
    "z": -25.25070803600831
  },
  "RightLeg": {
    "x": 17.14451929638346,
    "y": -9.361853663151667,
    "z": -4.804077582980139
  },
  "RightShoulder": {
    "x": 98.33244815297785,
    "y": 0.0707566242513941,
    "z": 94.07256321304425
  },
  "RightToeBase": {
    "x": -41.03180406613524,
    "y": 4.90640510088091,
    "z": 4.25678344136294
  },
  "RightUpLeg": {
    "x": 168.2378711669004,
    "y": 9.113690218359093,
    "z": 9.814189825791622
  },
  "Spine": {
    "x": -0.5105280330185218,
    "y": -0.2588418323750072,
    "z": 0.22113832302156203
  },
  "Spine01": {
    "x": 0.000006830346314860216,
    "y": -1.000516031455257e-8,
    "z": 2.001032361094423e-8
  },
  "Spine02": {
    "x": -15.613391836920052,
    "y": 0.1326551804061113,
    "z": -0.5813851386147403
  }
}