{
  "Head": {
    "x": 71.36318261698293,
    "y": 0.4241412773754582,
    "z": 0.7767577363531508
  },
  "head_end": {
    "x": -26.39168018969181,
    "y": 0.03720568535914297,
    "z": -0.15867444937338288
  },
  "headfront": {
    "x": 26.450866298759397,
    "y": 0.037378190383607346,
    "z": 0.15900464551875823
  },
  "Hips": {
    "x": 7.79339251411141,
    "y": 0.26695501728665333,
    "z": 0.23290691342083802
  },
  "LeftArm": {
    "x": -35,
    "y": -40,
    "z": -5.224218974655768
  },
  "LeftFoot": {
    "x": -80,
    "y": -53,
    "z": -68
  },
  "LeftForeArm": {
    "x": -13.000000000000002,
    "y": -20,
    "z": 16
  },
  "LeftHand": {
    "x": 14.999999999999998,
    "y": -75.00000000000001,
    "z": 1
  },
  "LeftLeg": {
    "x": 17.537915010176185,
    "y": 29,
    "z": 126
  },
  "LeftShoulder": {
    "x": 108.99999999999999,
    "y": 55,
    "z": -94.19890340100162
  },
  "LeftToeBase": {
    "x": -42.887514984174004,
    "y": -4.503021282797755,
    "z": -4.170876850248275
  },
  "LeftUpLeg": {
    "x": 164,
    "y": 3,
    "z": -57
  },
  "neck": {
    "x": 0.5183128431438503,
    "y": 0.6928907778591643,
    "z": -0.6037417610465206
  },
  "RightArm": {
    "x": -43,
    "y": 40,
    "z": 3.1437078913726597
  },
  "RightFoot": {
    "x": -63.14598254822018,
    "y": 5.392330713412872,
    "z": 10.565461162687043
  },
  "RightForeArm": {
    "x": -1,
    "y": 43,
    "z": -17.268727939894898
  },
  "RightHand": {
    "x": 13.000000000000002,
    "y": 38,
    "z": 6
  },
  "RightLeg": {
    "x": -1,
    "y": -9.361853663151667,
    "z": -4.804077582980139
  },
  "RightShoulder": {
    "x": 105,
    "y": -49,
    "z": 94.07256321304425
  },
  "RightToeBase": {
    "x": -54,
    "y": -17,
    "z": 4.25678344136294
  },
  "RightUpLeg": {
    "x": 180,
    "y": -3,
    "z": 0
  },
  "Spine": {
    "x": -0.5105280330185218,
    "y": -0.2588418323750072,
    "z": 0.22113832302156203
  },
  "Spine01": {
    "x": 0.000006830346314860216,
    "y": -1.000516031455257e-8,
    "z": 2.001032361094423e-8
  },
  "Spine02": {
    "x": -15.613391836920052,
    "y": 0.1326551804061113,
    "z": -0.5813851386147403
  }
}